-- Include your INSERT SQL statements in this file.
-- Make sure to terminate each statement with a semicolon (;)

-- LEAVE this statement on. It is required to connect to your database.
CONNECT TO cs421;

-- Remember to put the INSERT statements for the tables with foreign key references
--    ONLY AFTER the parent tables!

INSERT INTO Mother VALUES
    (90257843,'Juliette Holt','juliho0214@hotmail.com','(204)231-9718','1997-05-12 00:00:00','3574 chemin Hudson','Teacher','2022-04','O'),
    (87911049,'Victoria Gutierrez','vic.gutierrez@gmail.com','(250)530-7907','1994-07-17 00:00:00','412 Duke Street','Lawyer','2022-05','A'),
    (55256380,'Katlyn Judd','kat11judd@gmail.com','(647)763-6453','1998-01-01 00:00:00','1197 Sherbrooke Ouest','Estate agent','2022-07','O'),
    (91259362,'Shanene Kimberley','shanenekimb@hotmail.com','(506)851-1280','1989-03-10 00:00:00','3230 De L''Acadie Boul','Software engineer','2022-08','B'),
    (47078624,'Anastasia Jerome','anastasia.jerome@gmail.com','(867)934-5925','1999-11-04 00:00:00','1468 chemin Hudson','College student','2022-03','AB'),
    (97184647,'Chante Duran','chanteduran@yahoo.com','(905)630-6407','2000-09-25 00:00:00','2903 Rene-Levesque Blvd','Graphic designer','2022-09','A'),
    (23548965,'Ariane Doux','arianedoux1123@aol.com','(306)945-5101','1996-11-23 00:00:00','4756 rue Levy','Dancer','2022-09',NULL),
    (65108765,'Muriel Garfield','0405muriel.garfield@yahoo.com','(613)305-2502','1992-04-05 00:00:00','3092 Ste. Catherine Ouest','Fashion designer','2022-07','B'),
    (38753029,'Vera Wen','vera.yining.wen@gmail.com','(416)925-8925','1993-12-15 00:00:00','4498 rue de la Gauchetiere','Architect','2022-08',NULL),
    (76394639,'Min Garrido','minpedro.garrido@yahoo.com','(819)254-8302','1990-06-06 00:00:00','3688 Sherbrooke Ouest','Receptionist','2022-06','O');



INSERT INTO Father VALUES
    ('f220145','Jude Hadley','judehadley@gmail.com','(416)501-6824',NULL,'1993-08-26 00:00:00','3714 Sherbrooke Ouest','Engineer','A'),
    ('f220497','Patrick Treloar',NULL,'(506)651-3493',NULL,'1992-03-11 00:00:00',NULL,'Lifeguard','O'),
    ('f210807','Cooper Herbertson','130cooperhb@yahoo.com','(705)725-7365',89257502,'1991-07-30 00:00:00','412 Duke Street','Banker',NULL),
    ('f211028','Steven Aston','stevessaston@gmail.com','(647)737-3346',NULL,'1899-05-06 00:00:00','2643 rue Principale','Athlete','AB'),
    ('f210076','Victor Rennoll','victor98renol@aol.com','(587)524-4883',53580491,'1995-11-07 00:00:00',NULL,'Mechanic',NULL),
    ('f210764','Nic Yoxall',NULL,'(418)692-6622',29850257,'1997-01-11 00:00:00',NULL,'Artist',NULL),
    ('f201459','Laxman Miyamoto','miyamoto.kiriagei@yahoo.com','(403)998-3689',NULL,'1990-06-28 00:00:00','886 Sherbrooke Ouest','Pharmacist','B'),
    ('f220047','Eric Longstaff',NULL,'(306)899-2155',38597627,'1993-02-18 00:00:00','4191 St Jean Baptiste St','Accountant',NULL);


INSERT INTO Couple VALUES
    ('c3948001','True',90257843,'f210076'),
    ('c3895729','True',87911049,'f210807'),
    ('c3902575','False',55256380,'f220497'),
    ('c1092475','True',91259362,'f210764'),
    ('c2893550','True',47078624,NULL),
    ('c1095732','True',97184647,NULL),
    ('c2985839','False',23548965,'f220047'),
    ('c1092884','False',65108765,'f201459'),
    ('c2109437','True',38753029,'f220145'),
    ('c3742815','True',76394639,'f211028');


INSERT INTO Institute VALUES
    ('montrealgh@gmail.com','Montreal General Hospital',15149341934,'1650 Av. Cedar','http://muhc.ca/'),
    ('chumontreal@gmail.com','CHUM',15148908000,'1051 Rue Sanguinet','https://www.chumontreal.qc.ca/'),
    ('lsllhopital@hotmail.com','Lac-Saint-Louis',15148867080,'3175 Chem. de la Côte-Sainte-Catherine',NULL),
    ('medwestmountsquare@gmail.com','Westmount Square Health Group',15149342334,'1 Carr Westmount, Westmount','http://www.medwestmountsquare.com/'),
    ('clinicroper@gmail.com','Roper Clinic',15149378000,'4500 Rue Sherbrooke O, Westmount',NULL);


INSERT INTO CommClinic VALUES
    ('medwestmountsquare@gmail.com'),
    ('clinicroper@gmail.com');


INSERT INTO BirthCenter VALUES
    ('montrealgh@gmail.com'),
    ('chumontreal@gmail.com'),
    ('lsllhopital@hotmail.com');


INSERT INTO Midwife VALUES
    ('m48579','Tatiana Tipton','(705)602-6356','Montreal General Hospital','tatiana.tipton@mgh.ca','montrealgh@gmail.com'),
    ('m29084','Marion Girard','(905)380-5721','CHUM','marion.girard@chum.com','chumontreal@gmail.com'),
    ('m90335','Valarie Carpenter','(519)922-3576','Montreal General Hospital','valarie.carpenter@mgh.ca','montrealgh@gmail.com'),
    ('m90247','Thelma Edwards','(250)562-3508','Lac-Saint-Louis','thelma.edwards@lslhosp.com','lsllhopital@hotmail.com'),
    ('m28495','Lora Ingham','(250)787-8333','CHUM','lora.ingham@chum.com','chumontreal@gmail.com'),
    ('m83947','Sheri Lyon','(819)463-5155','Roper Clinic','sheri.lyon@gmail.com','clinicroper@gmail.com'),
    ('m29487','Olivia Waterman','(647)885-3022','Westmount Square Health Group','olivia.waterman@westmount.ca','medwestmountsquare@gmail.com'),
    ('m89874','Yolanda Charbonneau','(450)577-9694','Montreal General Hospital','yolanda.charbonneau@mgh.ca','montrealgh@gmail.com');


INSERT INTO InfoSession VALUES
    ('s958086','2021-09-14 00:00:00','14:00-16:00','English','m48579'),
    ('s385972','2022-10-02 00:00:00','14:00-16:00','French','m29084'),
    ('s172834','2021-12-12 00:00:00','10:00-12:00','English','m90247'),
    ('s309572','2022-01-22 00:00:00','10:00-12:00','French','m90335'),
    ('s874392','2021-08-14 00:00:00','10:00-12:00','English','m48579'),
    ('s893650','2022-02-14 00:00:00','14:00-16:00','French','m89874'),
    ('s287405','2022-01-22 00:00:00','10:00-12:00','English','m90247'),
    ('s934098','2022-03-27 00:00:00','10:00-12:00','French','m29084'),
    ('s348795','2021-11-28 00:00:00','14:00-16:00','English','m28495');


INSERT INTO invited VALUES
    ('c3948001','s958086','True'),
    ('c3895729','s385972','True'),
    ('c3902575','s172834','True'),
    ('c1092475','s309572','True'),
    ('c2893550','s874392','True'),
    ('c1095732','s893650','True'),
    ('c2985839','s287405','True'),
    ('c1092884','s934098','False'),
    ('c2109437','s348795','True'),
    ('c3742815','s934098','True');


INSERT INTO Pregnancy VALUES
    ('c3895729',1,1,'2021-01-12 00:00:00','2021-01-28 00:00:00','False','m29084','m83947','montrealgh@gmail.com'),
    ('c1092475',2,1,'2020-12-24 00:00:00','2021-01-02 00:00:00','True','m89874','m29084',NULL),
    ('c3742815',2,1,'2022-02-01 00:00:00','2022-01-24 00:00:00','False','m28495','m83947','chumontreal@gmail.com'),
    ('c3948001',1,1,'2022-04-12 00:00:00','2022-04-15 00:00:00',NULL,'m48579','m83947',NULL),
    ('c3895729',2,2,'2022-05-12 00:00:00','2022-05-08 00:00:00',NULL,'m90247','m29084',NULL),
    ('c3902575',1,NULL,'2022-07-02 00:00:00','2022-07-19 00:00:00',NULL,'m83947','m48579',NULL),
    ('c1092475',3,NULL,NULL,NULL,NULL,'m29487',NULL,NULL),
    ('c2893550',1,2,'2022-03-01 00:00:00','2022-03-14 00:00:00',NULL,'m28495','m29084',NULL),
    ('c1095732',1,NULL,NULL,NULL,NULL,'m89874',NULL,NULL),
    ('c2985839',1,NULL,NULL,NULL,NULL,'m90335',NULL,NULL),
    ('c1092884',2,NULL,'2022-06-28 00:00:00','2022-07-04 00:00:00',NULL,'m83947','m90247',NULL),
    ('c2109437',1,NULL,NULL,NULL,NULL,'m29084',NULL,NULL),
    ('c3742815',3,NULL,'2022-06-13 00:00:00','2022-06-06 00:00:00',NULL,'m90247','m29487',NULL);


INSERT INTO Baby VALUES
    ('b283572','Kylia Herbertson','Female','AB','2021-01-28 00:00:00','13:48:00','c3895729',1),
    ('b347850','Miller Yoxall','Male','B','2021-01-02 00:00:00','22:09:00','c1092475',2),
    ('b320502','Arianna Aston','Female','A','2022-01-24 00:00:00','07:36:00','c3742815',2),
    ('b378529',NULL,'Female','B',NULL,NULL,'c3948001',1),
    ('b562948',NULL,'Female','AB',NULL,NULL,'c2893550',1),
    ('b904671',NULL,'Male','A',NULL,NULL,'c2893550',1),
    ('b736492','Nade Herbertson','Male','O',NULL,NULL,'c3895729',2),
    ('b646118','Jadon Herbertson','Male','O',NULL,NULL,'c3895729',2);


INSERT INTO Technician VALUES
    ('t458927','Leila Travere','(250)696-5622'),
    ('t389572','Jingyi Yuan','(403)326-8321'),
    ('t405820','Gilbert Fitzroy','(780)389-6474'),
    ('t293850','Yash Page','(778)202-9575'),
    ('t328108','Zahira Mohammed','(604)665-6726'),
    ('t448930','George Olivier','(204)709-5807'),
    ('t248505','Milton Albert','(705)552-9577'),
    ('t983021','Rayhanna Morish','(226)456-3619'),
    ('t849201','Alexia Dufour','(514)704-8366'),
    ('t483955','Orville Marlow','(581)337-7793'),
    ('t102937','Corinne Zhou','(778)954-9621');


INSERT INTO Test VALUES
    ('t378251','Blood iron','2020-09-24 00:00:00','2020-09-28 00:00:00','2020-09-30 00:00:00','Normal, Blood type: A','m29084','c3895729',1,NULL,'t102937'),
    ('t832971','Preborn baby exam','2020-11-13 00:00:00','2020-11-18 00:00:00','2020-11-21 00:00:00','1 baby, Female','m29084','c3895729',1,NULL,'t328108'),
    ('t738200','Blood iron','2020-11-24 00:00:00','2020-11-26 00:00:00','2020-11-27 00:00:00','Normal','m83947','c3895729',1,NULL,'t405820'),
    ('t639289','Baby exam','2020-12-21 00:00:00','2020-12-22 00:00:00','2020-12-24 00:00:00','Blood type: AB','m83947',NULL,NULL,'b283572','t483955'),
    ('t385926','Blood pressure','2020-08-14 00:00:00','2020-08-15 00:00:00','2020-08-16 00:00:00','Normal','m89874','c1092475',2,NULL,'t248505'),
    ('t289764','Blood iron','2020-10-04 00:00:00','2020-10-08 00:00:00','2020-10-11 00:00:00','Slightly higher, Blood type: B','m29084','c1092475',2,NULL,'t458927'),
    ('t390927','Blood iron','2020-11-03 00:00:00','2020-11-04 00:00:00','2020-11-04 00:00:00','Normal','m29084','c1092475',2,NULL,'t102937'),
    ('t368250','Preborn baby exam','2020-11-23 00:00:00','2020-11-25 00:00:00','2020-11-27 00:00:00','1 baby, Male','m89874','c1092475',2,NULL,'t248505'),
    ('t267154','Baby exam','2020-12-13 00:00:00','2020-12-16 00:00:00','2020-12-17 00:00:00','Blood type: B','m89874',NULL,NULL,'b347850','t849201'),
    ('t629841','Blood iron','2021-09-01 00:00:00','2021-09-02 00:00:00','2021-09-04 00:00:00','Normal, Blood type: O','m28495','c3742815',2,NULL,'t102937'),
    ('t549927','Preborn baby exam','2021-10-28 00:00:00','2021-11-01 00:00:00','2021-11-05 00:00:00','1 baby, Female','m28495','c3742815',2,NULL,'t293850'),
    ('t381094','Baby exam','2021-12-31 00:00:00','2022-01-03 00:00:00','2022-01-05 00:00:00','Blood type: A','m83947',NULL,NULL,'b320502','t448930'),
    ('t242208','Blood iron','2021-11-14 00:00:00','2021-11-16 00:00:00','2021-11-17 00:00:00','Normal','m48579','c3948001',1,NULL,'t983021'),
    ('t343096','Blood pressure','2021-12-20 00:00:00','2021-12-20 00:00:00','2021-12-23 00:00:00','Normal','m48579','c3948001',1,NULL,'t849201'),
    ('t827491','Preborn baby exam','2022-01-28 00:00:00','2022-02-01 00:00:00','2022-02-03 00:00:00','1 baby, Female','m48579','c3948001',1,NULL,'t293850'),
    ('t150763','Blood iron','2021-12-15 00:00:00','2021-12-17 00:00:00','2021-12-18 00:00:00','Slightly higher','m90247','c3895729',2,NULL,'t849201'),
    ('t682934','Blood iron','2022-01-14 00:00:00','2022-01-20 00:00:00','2022-01-21 00:00:00','Normal','m90247','c3895729',2,NULL,'t983021'),
    ('t124210','Blood pressure','2021-12-18 00:00:00','2021-12-20 00:00:00','2021-12-23 00:00:00','Normal','m90247','c3895729',2,NULL,'t849201'),
    ('t472846','Preborn baby exam','2022-02-15 00:00:00','2022-02-17 00:00:00','2022-02-18 00:00:00','2 babies, both Male','m90247','c3895729',2,NULL,'t293850'),
    ('t862540','Blood iron','2021-12-11 00:00:00','2021-12-13 00:00:00','2021-12-16 00:00:00','Normal','m28495','c2893550',1,NULL,'t983021'),
    ('t198647','Blood pressure','2022-01-14 00:00:00','2022-01-15 00:00:00','2022-01-17 00:00:00','Normal','m28495','c2893550',1,NULL,'t849201'),
    ('t446479','Preborn baby exam','2022-02-14 00:00:00','2022-02-17 00:00:00','2022-02-17 00:00:00','2 babies, 1 Male 1 Female','m28495','c2893550',1,NULL,'t293850'),
    ('t792982','Blood iron','2022-01-05 00:00:00','2022-01-07 00:00:00','2022-01-08 00:00:00','Normal, Blood type: O','m83947','c3902575',1,NULL,'t389572'),
    ('t979264','Blood iron','2022-01-11 00:00:00','2022-01-13 00:00:00','2022-01-16 00:00:00','Normal, Blood type: B','m83947','c1092884',2,NULL,'t983021'),
    ('t837469','Blood iron','2022-02-01 00:00:00','2022-02-05 00:00:00','2022-02-07 00:00:00','Slightly lower','m90247','c3742815',3,NULL,'t405820');


INSERT INTO Appointment VALUES
    ('a738206','2020-08-20 00:00:00','14:00','c3895729',1,'m29084'),
    ('a203948','2020-09-24 00:00:00','10:00','c3895729',1,'m29084'),
    ('a650829','2020-10-20 00:00:00','10:00','c3895729',1,'m29084'),
    ('a583920','2020-11-13 00:00:00','10:00','c3895729',1,'m29084'),
    ('a618204','2020-11-24 00:00:00','10:00','c3895729',1,'m29084'),
    ('a459076','2020-12-20 00:00:00','15:00','c3895729',1,'m83947'),
    ('a862756','2021-01-20 00:00:00','10:00','c3895729',1,'m29084'),
    ('a824509','2020-07-06 00:00:00','15:00','c1092475',2,'m89874'),
    ('a305966','2020-08-15 00:00:00','15:00','c1092475',2,'m89874'),
    ('a769285','2020-09-06 00:00:00','15:00','c1092475',2,'m89874'),
    ('a693852','2020-10-04 00:00:00','14:00','c1092475',2,'m29084'),
    ('a928110','2020-11-03 00:00:00','14:00','c1092475',2,'m29084'),
    ('a389205','2020-11-23 00:00:00','15:00','c1092475',2,'m89874'),
    ('a389251','2020-12-14 00:00:00','15:00','c1092475',2,'m89874'),
    ('a182754','2021-01-10 00:00:00','15:00','c1092475',2,'m89874'),
    ('a498256','2021-09-01 00:00:00','10:00','c3742815',2,'m28495'),
    ('a248375','2021-10-01 00:00:00','14:00','c3742815',2,'m28495'),
    ('a750123','2021-10-28 00:00:00','10:00','c3742815',2,'m28495'),
    ('a336958','2021-11-25 00:00:00','10:00','c3742815',2,'m83947'),
    ('a726504','2021-12-28 00:00:00','10:00','c3742815',2,'m83947'),
    ('a889362','2022-01-30 00:00:00','14:00','c3742815',2,'m28495'),
    ('a783058','2022-02-28 00:00:00','14:00','c3742815',2,'m83947'),
    ('a522871','2022-03-30 00:00:00','10:00','c3742815',2,'m28495'),
    ('a823726','2021-11-14 00:00:00','10:00','c3948001',1,'m48579'),
    ('a104722','2021-12-20 00:00:00','14:00','c3948001',1,'m48579'),
    ('a938402','2022-01-28 00:00:00','10:00','c3948001',1,'m48579'),
    ('a472938','2022-01-14 00:00:00','10:00','c3895729',2,'m90247'),
    ('a551120','2021-12-15 00:00:00','15:00','c3895729',2,'m90247'),
    ('a294029','2022-02-15 00:00:00','14:00','c3895729',2,'m90247'),
    ('a206827','2022-03-21 00:00:00','10:00','c3895729',2,'m29084'),
    ('a638366','2021-12-11 00:00:00','11:00','c2893550',1,'m28495'),
    ('a192840','2022-01-15 00:00:00','10:00','c2893550',1,'m28495'),
    ('a274852','2022-02-14 00:00:00','10:00','c2893550',1,'m28495'),
    ('a972630','2022-03-21 00:00:00','11:00','c2893550',1,'m29084'),
    ('a473901','2022-01-05 00:00:00','10:00','c3902575',1,'m83947'),
    ('a983647','2022-02-04 00:00:00','10:00','c3902575',1,'m83947'),
    ('a252736','2022-03-04 00:00:00','10:00','c3902575',1,'m83947'),
    ('a462730','2022-01-11 00:00:00','10:00','c1092884',2,'m83947'),
    ('a778872','2022-02-11 00:00:00','14:00','c1092884',2,'m83947'),
    ('a353530','2022-03-22 00:00:00','10:00','c1092884',2,'m83947'),
    ('a552912','2022-02-01 00:00:00','14:00','c3742815',3,'m90247'),
    ('a996170','2022-03-01 00:00:00','10:00','c3742815',3,'m90247');


INSERT INTO Observation VALUES
    ('n273625','2020-09-24 00:00:00','10:37','Mother has good health.','a203948'),
    ('n627203','2020-11-13 00:00:00','10:15','Mother has good health.','a583920'),
    ('n510937','2020-11-13 00:00:00','10:38','Do test next week.','a583920'),
    ('n783901','2020-11-24 00:00:00','10:45','Mother has good health.','a618204'),
    ('n862019','2020-12-20 00:00:00','15:27','Mother has good health.','a459076'),
    ('n281940','2021-01-20 00:00:00','10:31','Mother has good health.','a862756'),
    ('n558301','2020-07-06 00:00:00','15:42','Mother has good health.','a824509'),
    ('n482062','2020-08-15 00:00:00','15:57','Mother has good health.','a305966'),
    ('n649265','2020-10-04 00:00:00','14:30','Mother has good health.','a693852'),
    ('n102574','2020-10-04 00:00:00','14:41','Do test today','a693852'),
    ('n324738','2020-11-03 00:00:00','14:28','Mother has good health.','a928110'),
    ('n423570','2020-11-23 00:00:00','15:26','Mother has good health.','a389205'),
    ('n903756','2020-12-14 00:00:00','15:27','Mother has good health.','a389251'),
    ('n897731','2021-09-01 00:00:00','10:44','Mother has good health.','a498256'),
    ('n989099','2021-10-01 00:00:00','14:33','Mother has good health.','a248375'),
    ('n168502','2021-11-25 00:00:00','10:34','Mother has good health.','a336958'),
    ('n490647','2021-11-25 00:00:00','10:47','Do test next week.','a336958'),
    ('n950623','2021-12-28 00:00:00','10:41','Mother has good health.','a726504'),
    ('n372956','2022-01-30 00:00:00','14:54','Mother has good health.','a889362'),
    ('n182050','2022-03-30 00:00:00','10:40','Mother has good health.','a522871'),
    ('n128563','2021-12-20 00:00:00','14:24','Mother has good health.','a104722'),
    ('n228305','2022-01-28 00:00:00','10:31','Mother has good health.','a938402'),
    ('n792734','2022-01-14 00:00:00','10:52','Mother has good health.','a472938'),
    ('n573269','2021-12-15 00:00:00','15:17','Mother has good health.','a551120'),
    ('n823849','2021-12-15 00:00:00','15:31','Do blood iron test.','a551120'),
    ('n109475','2022-02-15 00:00:00','14:17','Mother has good health.','a294029'),
    ('n250613','2021-12-11 00:00:00','11:34','Mother has good health.','a638366'),
    ('n440909','2022-01-15 00:00:00','10:22','Mother has good health.','a192840'),
    ('n383847','2022-02-14 00:00:00','10:28','Mother has good health.','a274852'),
    ('n192832','2022-01-05 00:00:00','10:32','Mother has good health.','a473901'),
    ('n773827','2022-02-04 00:00:00','10:49','Mother has good health.','a983647'),
    ('n352837','2022-01-11 00:00:00','10:14','Mother has good health.','a462730'),
    ('n990909','2022-02-11 00:00:00','14:20','Mother has good health.','a778872'),
    ('n979072','2022-02-01 00:00:00','14:52','Mother has good health.','a552912');


INSERT INTO DueDate VALUES
    ('n627203','2021-01-28 00:00:00','2021-01-12 00:00:00','2021-01-28 00:00:00','a583920'),
    ('n903756','2021-01-02 00:00:00','2020-12-24 00:00:00','2021-01-02 00:00:00','a928110'),
    ('n655830','2022-01-24 00:00:00','2022-02-01 00:00:00','2022-01-24 00:00:00','a750123'),
    ('n792734','2022-04-15 00:00:00','2022-04-12 00:00:00','2022-04-12 00:00:00','a104722'),
    ('n573269','2022-05-08 00:00:00','2022-05-12 00:00:00','2022-05-12 00:00:00','a551120'),
    ('n447283','2022-03-14 00:00:00','2022-03-01 00:00:00','2022-03-14 00:00:00','a274852'),
    ('n260174','2022-07-19 00:00:00','2022-07-02 00:00:00','2022-07-19 00:00:00','a252736'),
    ('n827361','2022-07-04 00:00:00','2022-06-28 00:00:00','2022-07-04 00:00:00','a353530'),
    ('n352639','2022-06-06 00:00:00','2022-06-13 00:00:00','2022-06-06 00:00:00','a996170');


